<?xml version="1.0" encoding="UTF-8" standalone="yes"?>
<addon id="metadata.generic.artists" name="Generic Artist Scraper" version="1.0.18" provider-name="Team Kodi">
	<requires>
		<import addon="xbmc.python" version="3.0.0"/>
		<import addon="xbmc.metadata" version="2.1.0"/>
	</requires>
	<extension point="xbmc.metadata.scraper.artists" library="default.py"/>
	<extension point="xbmc.addon.metadata">
		<summary lang="en_GB">Generic music scraper for artists</summary>
		<description lang="en_GB">Searches for artist information and artwork across multiple websites.</description>
		<platform>all</platform>
		<license>GPL-2.0-only</license>
		<forum>https://forum.kodi.tv/showthread.php?tid=351571</forum>
		<source>https://gitlab.com/ronie/metadata.generic.artists/</source>
		<reuselanguageinvoker>true</reuselanguageinvoker>
		<assets>
			<icon>resources/icon.png</icon>
		</assets>
		<news>- add artist cutout image support</news>
	</extension>
</addon>
